{
  "loss": 0.3979688882827759,
  "accuracy": 0.8529411554336548
}